{"cameraMode":{"drawMode":0,"name":"Shaded","section":"Shading Mode"},"sceneLighting":true,"audioPlay":false,"sceneViewState":{"m_AlwaysRefresh":false,"showFog":true,"showSkybox":true,"showFlares":true,"showImageEffects":true,"showParticleSystems":true,"showVisualEffectGraphs":true,"m_FxEnabled":true},"in2DMode":false,"pivot":{"x":3.1900017261505129,"y":1.513138771057129,"z":18.426342010498048},"rotation":{"x":-0.01618712954223156,"y":0.8996913433074951,"z":-0.4349437355995178,"w":-0.03348403051495552},"size":2.3353734016418459,"orthographic":false}