{"cameraMode":{"drawMode":0,"name":"Shaded","section":"Shading Mode"},"sceneLighting":true,"audioPlay":false,"sceneViewState":{"m_AlwaysRefresh":false,"showFog":true,"showSkybox":true,"showFlares":true,"showImageEffects":true,"showParticleSystems":true,"showVisualEffectGraphs":true,"m_FxEnabled":true},"in2DMode":false,"pivot":{"x":3.408215045928955,"y":3.29209303855896,"z":17.044445037841798},"rotation":{"x":0.00006185072561493143,"y":0.9785894751548767,"z":-0.20582827925682069,"w":0.00029357726452872157},"size":2.3353734016418459,"orthographic":false}