{"cameraMode":{"drawMode":0,"name":"Shaded","section":"Shading Mode"},"sceneLighting":true,"audioPlay":false,"sceneViewState":{"m_AlwaysRefresh":false,"showFog":true,"showSkybox":true,"showFlares":true,"showImageEffects":true,"showParticleSystems":true,"showVisualEffectGraphs":true,"m_FxEnabled":true},"in2DMode":false,"pivot":{"x":-1.9808889627456666,"y":17.069910049438478,"z":-13.410123825073243},"rotation":{"x":-0.0946696475148201,"y":-0.0038835315499454738,"z":0.0003894612891599536,"w":-0.9955469369888306},"size":15.678821563720704,"orthographic":false}